[{"model": "store.artist", "pk": 1, "fields": {"name": "Nelssa Laura"}}, {"model": "store.artist", "pk": 3, "fields": {"name": "Peka Manuella"}}, {"model": "store.artist", "pk": 4, "fields": {"name": "Emelda migrice"}}, {"model": "store.artist", "pk": 5, "fields": {"name": "Ornella Stella"}}, {"model": "store.artist", "pk": 6, "fields": {"name": "Carine blondel"}}, {"model": "store.artist", "pk": 7, "fields": {"name": "Pechi lucrece"}}, {"model": "store.artist", "pk": 8, "fields": {"name": "Michael Jackson"}}, {"model": "store.artist", "pk": 9, "fields": {"name": "Pink Floyd"}}, {"model": "store.artist", "pk": 10, "fields": {"name": "Meat Loaf"}}, {"model": "store.artist", "pk": 11, "fields": {"name": "Shania Twain"}}, {"model": "store.artist", "pk": 12, "fields": {"name": "Estelle Kuete"}}, {"model": "store.artist", "pk": 13, "fields": {"name": "catherine"}}, {"model": "store.artist", "pk": 14, "fields": {"name": "Ricardo"}}, {"model": "store.artist", "pk": 15, "fields": {"name": "Chretien Social"}}, {"model": "store.artist", "pk": 16, "fields": {"name": "Rachid"}}, {"model": "store.artist", "pk": 17, "fields": {"name": "Nathalie Parent"}}, {"model": "store.artist", "pk": 18, "fields": {"name": "Clarisse"}}, {"model": "store.artist", "pk": 20, "fields": {"name": "Les arenes"}}, {"model": "store.artist", "pk": 21, "fields": {"name": "Science et vie"}}, {"model": "store.artist", "pk": 22, "fields": {"name": "Flaubert"}}, {"model": "store.artist", "pk": 23, "fields": {"name": "Maupassant"}}, {"model": "store.contact", "pk": 1, "fields": {"email": "edhg.com", "name": "Estelle Kuete"}}, {"model": "store.contact", "pk": 2, "fields": {"email": "efomenakuete@gmail.com", "name": "Aristide"}}, {"model": "store.contact", "pk": 3, "fields": {"email": "efomenakuete@gmail.com", "name": "lolita"}}, {"model": "store.album", "pk": 1, "fields": {"reference": 8, "created_at": "2021-08-12T11:43:05.687Z", "available": false, "title": "the history of my life", "picture": "https://encrypted-tbn0.gstatic.com/images?q=tbn:ANd9GcRM53wx3BuU4pa6wwPz00q-q2Lb2r7Zz8TrVA&usqp=CAU", "artists": [4]}}, {"model": "store.album", "pk": 2, "fields": {"reference": 6, "created_at": "2021-08-12T12:10:21.527Z", "available": true, "title": "la quete du savoir", "picture": "https://st2.depositphotos.com/5049063/7460/v/950/depositphotos_74604189-stock-illustration-scroll-icon.jpg", "artists": [3, 12]}}, {"model": "store.album", "pk": 3, "fields": {"reference": 5, "created_at": "2021-08-12T12:12:32.293Z", "available": true, "title": "l'entreprenariat", "picture": "https://st.depositphotos.com/2789119/3997/v/950/depositphotos_39977783-stock-illustration-rocket-ship-launch.jpg", "artists": [6, 13]}}, {"model": "store.album", "pk": 4, "fields": {"reference": 4, "created_at": "2021-08-12T12:22:31.364Z", "available": true, "title": "pere riche pere pauvre", "picture": "https://st.depositphotos.com/2069237/4083/i/950/depositphotos_40836509-stock-photo-free-happy-woman-enjoying-nature.jpg", "artists": [7]}}, {"model": "store.album", "pk": 5, "fields": {"reference": 7, "created_at": "2021-08-12T12:57:47.521Z", "available": false, "title": "Thriller", "picture": "https://st.depositphotos.com/2285925/2489/i/950/depositphotos_24894431-stock-photo-drawing-by-pencil.jpg", "artists": [8]}}, {"model": "store.album", "pk": 6, "fields": {"reference": 3, "created_at": "2021-08-12T13:00:36.169Z", "available": true, "title": "The Dark Side of the Moon", "picture": "https://st.depositphotos.com/2501025/3580/i/950/depositphotos_35809903-stock-photo-freedom.jpg", "artists": [9, 1]}}, {"model": "store.album", "pk": 7, "fields": {"reference": 2, "created_at": "2021-08-12T13:03:43.768Z", "available": false, "title": "Bat Out of Hell", "picture": "https://static8.depositphotos.com/1016676/814/i/950/depositphotos_8147888-stock-photo-backpacker.jpg", "artists": [10]}}, {"model": "store.album", "pk": 8, "fields": {"reference": 1, "created_at": "2021-08-12T13:05:48.052Z", "available": true, "title": "Come On Over", "picture": "https://st.depositphotos.com/1428083/2946/i/600/depositphotos_29460297-stock-photo-bird-cage.jpg", "artists": [11]}}, {"model": "store.album", "pk": 9, "fields": {"reference": 11, "created_at": "2021-08-18T13:24:20.057Z", "available": true, "title": "le grand livre de l'entreprenariat", "picture": "https://www.dunod.com/sites/default/files/styles/principal_desktop/public/thumbnails/image/9782100590056-X.jpg", "artists": [13]}}, {"model": "store.album", "pk": 10, "fields": {"reference": 12, "created_at": "2021-08-18T13:27:49.459Z", "available": true, "title": "La chevre de ma mere", "picture": "https://images-na.ssl-images-amazon.com/images/I/8124I38awOL.jpg", "artists": [14]}}, {"model": "store.album", "pk": 11, "fields": {"reference": 13, "created_at": "2021-08-18T13:30:54.867Z", "available": true, "title": "le secret de la reussite", "picture": "https://www.chretiensocial.com/wp-content/uploads/2017/09/Le-secret-de-la-r%C3%A9ussite.jpg", "artists": [15]}}, {"model": "store.album", "pk": 12, "fields": {"reference": 13, "created_at": "2021-08-18T13:33:05.103Z", "available": true, "title": "Les secrets de la reussite", "picture": "http://rachid-amokrane.com/wp-content/uploads/2016/03/Le-secret-dela-reussite.jpg", "artists": [16]}}, {"model": "store.album", "pk": 13, "fields": {"reference": 14, "created_at": "2021-08-18T13:36:32.461Z", "available": true, "title": "La communication interpersonnelle en santé", "picture": "https://www.pulaval.com/media/books/thumb_L97827637442541.jpg", "artists": [17]}}, {"model": "store.album", "pk": 14, "fields": {"reference": 15, "created_at": "2021-08-18T13:40:06.551Z", "available": true, "title": "La nature et l'amour", "picture": "https://static.fnac-static.com/multimedia/Images/FR/NR/86/3a/73/7551622/1540-1/tsp20151001165157/La-nature-et-l-amour.jpg", "artists": [18]}}, {"model": "store.album", "pk": 15, "fields": {"reference": 16, "created_at": "2021-08-18T13:43:34.492Z", "available": true, "title": "La vie secrete des arbres", "picture": "https://img.over-blog-kiwi.com/2/25/03/36/20170315/ob_4e026d_la-vie-secrete-des-arbres-p2603cor.jpg", "artists": [20]}}, {"model": "store.album", "pk": 16, "fields": {"reference": 17, "created_at": "2021-08-18T13:50:02.751Z", "available": true, "title": "Coronavirus et maintenant?", "picture": "https://file1.science-et-vie.com/var/scienceetvie/storage/images/1/1/0/110245/n-1232.jpg?alias=exact1024x768_p", "artists": [21]}}, {"model": "store.album", "pk": 17, "fields": {"reference": 18, "created_at": "2021-08-18T13:52:20.863Z", "available": true, "title": "Ethique et esthetique", "picture": "https://images-na.ssl-images-amazon.com/images/I/41AhjPbD1rL._SX294_BO1,204,203,200_.jpg", "artists": [22]}}, {"model": "store.album", "pk": 18, "fields": {"reference": 19, "created_at": "2021-08-18T13:53:48.110Z", "available": true, "title": "Bel-Ami", "picture": "https://images-na.ssl-images-amazon.com/images/I/41HwGOM5gGL._SX306_BO1,204,203,200_.jpg", "artists": [23]}}, {"model": "store.booking", "pk": 1, "fields": {"created_at": "2021-08-16T15:56:08.316Z", "contacted": false, "album": 7, "contact": 1}}, {"model": "store.booking", "pk": 3, "fields": {"created_at": "2021-08-17T11:44:06.431Z", "contacted": false, "album": 8, "contact": 2}}, {"model": "store.booking", "pk": 7, "fields": {"created_at": "2021-08-17T12:17:07.369Z", "contacted": false, "album": 2, "contact": 2}}, {"model": "store.booking", "pk": 8, "fields": {"created_at": "2021-08-17T12:46:14.523Z", "contacted": false, "album": 3, "contact": 3}}, {"model": "store.booking", "pk": 9, "fields": {"created_at": "2021-08-17T15:30:03.247Z", "contacted": false, "album": 1, "contact": 2}}]